url,id,company,date
/earnings_center/all/article/3434496-wave-systems-wavx-q2-2015-results-earnings-call-webcast,3434496,WAVX,"Thu, Aug. 13,  4:25 PM"
/earnings_center/all/article/3427826-aspen-technology-azpn-q4-2015-results-earnings-call-webcast,3427826,AZPN,"Thu, Aug. 13,  4:25 PM"
/earnings_center/all/article/3434486-oncogenex-pharmaceuticals-ogxi-q2-2015-results-earnings-call-webcast,3434486,OGXI,"Thu, Aug. 13,  4:25 PM"
/earnings_center/all/article/3438196-spark-energys-spke-ceo-nathan-kroeker-on-q2-2015-results-earnings-call-transcript,3438196,SPKE,"Thu, Aug. 13,  4:18 PM"
/earnings_center/all/article/3438186-suzano-papel-e-celuloses-suzby-ceo-walter-schalka-on-q2-2015-results-earnings-call-transcript,3438186,SUZBY,"Thu, Aug. 13,  4:18 PM"
/earnings_center/all/article/3438146-companhia-siderurgica-nacionals-sid-q2-2015-results-earnings-call-transcript,3438146,SID,"Thu, Aug. 13,  4:08 PM"
/earnings_center/all/article/3438136-cineplexs-cpxgf-ceo-ellis-jacob-on-q2-2015-results-earnings-call-transcript,3438136,CPXGF,"Thu, Aug. 13,  4:06 PM"
/earnings_center/all/article/3438126-taseko-mines-tgb-ceo-russ-hallbauer-on-q2-2015-results-earnings-call-transcript,3438126,TGB,"Thu, Aug. 13,  4:05 PM"
/earnings_center/all/article/3438096-bioanalytical-systems-basi-ceo-jacqueline-lemke-on-q3-2015-results-earnings-call-transcript,3438096,BASI,"Thu, Aug. 13,  4:02 PM"
/earnings_center/all/article/3438086-liqtech-internationals-liqt-ceo-sune-mathiesen-on-q2-2015-results-earnings-call-transcript,3438086,LIQT,"Thu, Aug. 13,  4:02 PM"
/earnings_center/all/article/3438076-ultrapetrols-ultr-ceo-damian-scokin-discusses-q2-2015-results-earnings-call-transcript,3438076,ULTR,"Thu, Aug. 13,  4:01 PM"
/earnings_center/all/article/3438056-g-and-k-services-gk-ceo-douglas-milroy-on-q4-2015-results-earnings-call-transcript,3438056,GK,"Thu, Aug. 13,  3:59 PM"
/earnings_center/all/article/3438046-transglobe-energys-tga-ceo-ross-clarkson-on-q2-2015-results-earnings-call-transcript,3438046,TGA,2 Comments
/earnings_center/all/article/3438026-caci-internationals-caci-ceo-ken-asbury-on-q4-2015-results-earnings-call-transcript,3438026,CACI,"Thu, Aug. 13,  3:54 PM"
/earnings_center/all/article/3437986-ryersons-ryi-ceo-eddie-lehner-on-q2-2015-results-earnings-call-transcript,3437986,RYI,"Thu, Aug. 13,  3:43 PM"
/earnings_center/all/article/3437956-silvercrest-mines-svlc-on-q2-2015-results-earnings-call-transcript,3437956,SVLC,"Thu, Aug. 13,  3:41 PM"
/earnings_center/all/article/3437936-fusion-telecommunications-internationals-fsnn-ceo-matthew-rosen-on-q2-2015-results-earnings-call-transcript,3437936,FSNN,"Thu, Aug. 13,  3:24 PM"
/earnings_center/all/article/3437916-exchange-income-corporations-eifzf-ceo-mike-pyle-on-q2-2015-results-earnings-call-transcript,3437916,EIFZF,"Thu, Aug. 13,  3:20 PM"
/earnings_center/all/article/3437906-tribune-media-trco-peter-liguori-on-q2-2015-results-earnings-call-transcript,3437906,TRCO,"Thu, Aug. 13,  3:19 PM"
/earnings_center/all/article/3437886-onexs-onexf-ceo-gerry-schwartz-on-q2-2015-results-earnings-call-transcript,3437886,ONEXF,"Thu, Aug. 13,  3:15 PM"
/earnings_center/all/article/3437766-advance-auto-parts-aap-darren-r-jackson-on-q2-2015-results-earnings-call-transcript,3437766,AAP,"Thu, Aug. 13,  2:47 PM"
/earnings_center/all/article/3437756-pointer-telocations-pntr-ceo-david-mahlab-on-q2-2015-results-earnings-call-transcript,3437756,PNTR,"Thu, Aug. 13,  2:42 PM"
/earnings_center/all/article/3437726-guided-therapeutics-gthp-ceo-gene-cartwright-on-q2-2015-results-earnings-call-transcript,3437726,GTHP,"Thu, Aug. 13,  2:37 PM"
/earnings_center/all/article/3437696-galmed-pharmaceuticals-glmd-ceo-allen-baharaff-on-q2-2015-results-earnings-call-transcript,3437696,GLMD,"Thu, Aug. 13,  2:32 PM"
/earnings_center/all/article/3437686-medley-managements-mdly-ceo-brook-taube-on-q2-2015-results-earnings-call-transcript,3437686,MDLY,"Thu, Aug. 13,  2:32 PM"
/earnings_center/all/article/3437626-american-electric-technologies-aeti-ceo-charles-dauber-on-q2-2015-results-earnings-call-transcript,3437626,AETI,"Thu, Aug. 13,  2:27 PM"
/earnings_center/all/article/3437616-banros-baa-ceo-john-clarke-on-q2-2015-results-earnings-call-transcript,3437616,BAA,6 Comments
/earnings_center/all/article/3437576-intertape-polymer-groups-itpof-ceo-gregory-yull-on-q2-2015-results-earnings-call-transcript,3437576,ITPOF,1 Comment
/earnings_center/all/article/3437566-china-automotive-systems-caas-ceo-qizhou-wu-on-q2-2015-results-earnings-call-transcript,3437566,CAAS,"Thu, Aug. 13,  2:22 PM"
/earnings_center/all/article/3437506-canadian-energy-services-and-technologys-cesdf-ceo-tom-simons-discusses-q2-2015-results-earnings-call-transcript,3437506,CESDF,"Thu, Aug. 13,  2:07 PM"
/earnings_center/all/article/3446016-cyrens-cyrn-ceo-lior-samuelson-on-q2-2015-results-earnings-call-transcript,3446016,CYRN,1 Comment
/earnings_center/all/article/3445956-blonder-tongue-laboratories-bdr-ceo-robert-palle-on-q2-2015-results-earnings-call-transcript,3445956,BDR,"Mon, Aug. 17,  3:42 PM"
/earnings_center/all/article/3445936-abtech-holdings-abhd-ceo-glenn-rink-on-q2-2015-results-earnings-call-transcript,3445936,ABHD,3 Comments
/earnings_center/all/article/3445886-immune-pharmaceuticals-imnp-ceo-daniel-teper-on-q2-2015-results-earnings-call-transcript,3445886,IMNP,"Mon, Aug. 17,  3:30 PM"
/earnings_center/all/article/3445776-titan-pharmaceuticals-ttnp-q2-2015-results-earnings-call-transcript,3445776,TTNP,"Mon, Aug. 17,  3:09 PM"
/earnings_center/all/article/3445626-trevali-minings-trevf-ceo-mark-cruise-on-q2-2015-results-earnings-call-transcript,3445626,TREVF,"Mon, Aug. 17,  2:22 PM"
/earnings_center/all/article/3445616-skypeople-fruit-juices-spu-ceo-yongke-xue-on-q2-2015-results-earnings-call-transcript,3445616,SPU,2 Comments
/earnings_center/all/article/3445436-marathon-patent-groups-mara-ceo-doug-croxall-on-q2-2015-results-earnings-call-transcript,3445436,MARA,"Mon, Aug. 17,  1:47 PM"
/earnings_center/all/article/3445076-liquor-stores-lqsif-ceo-stephen-bebis-on-q2-2015-results-earnings-call-transcript,3445076,LQSIF,"Mon, Aug. 17, 11:59 AM"
/earnings_center/all/article/3435536-the-estee-lauder-companies-el-q2-2015-results-earnings-call-webcast,3435536,EL,"Mon, Aug. 17,  9:25 AM"
/earnings_center/all/article/3442156-adecoagros-agro-ceo-mariano-bosch-on-q2-2015-results-earnings-call-transcript,3442156,AGRO,1 Comment
/earnings_center/all/article/3442146-banco-do-brasil-bdory-on-q2-2015-results-earnings-call-transcript,3442146,BDORY,"Fri, Aug. 14, 11:44 PM"
/earnings_center/all/article/3442136-enservco-corp-ensv-ceo-rick-kasch-on-q2-2015-results-earnings-call-transcript,3442136,ENSV,"Fri, Aug. 14, 11:21 PM"
/earnings_center/all/article/3442126-micron-technologys-mu-ceo-mark-durcan-hosts-2015-summer-analyst-conference-transcript,3442126,MU,10 Comments
/earnings_center/all/article/3442106-southgobi-resources-sgqrf-ceo-allen-guo-on-q2-2015-results-earnings-call-transcript,3442106,SGQRF,"Fri, Aug. 14,  9:31 PM"
/earnings_center/all/article/3442096-lime-energys-lime-ceo-adam-procell-discusses-q2-2015-results-earnings-call-transcript,3442096,LIME,"Fri, Aug. 14,  9:24 PM"
/earnings_center/all/article/3442066-companhia-paranaense-de-energias-elp-ceo-luiz-fernando-leone-vianna-on-q2-2015-results-earnings-call-transcript,3442066,ELP,"Fri, Aug. 14,  8:58 PM"
/earnings_center/all/article/3442056-net-element-internationals-nete-ceo-oleg-firer-on-q2-2015-results-earnings-call-transcript,3442056,NETE,1 Comment
/earnings_center/all/article/3442006-b2golds-btg-ceo-clive-johnson-on-q2-2015-results-earnings-call-transcript,3442006,BTG,2 Comments
/earnings_center/all/article/3441946-intellicheck-mobilisas-idn-ceo-william-roof-on-q2-2015-results-earnings-call-transcript,3441946,IDN,"Fri, Aug. 14,  7:41 PM"
/earnings_center/all/article/3441926-imperial-metals-corp-ipmlf-q2-2015-results-earnings-call-transcript,3441926,IPMLF,"Fri, Aug. 14,  7:22 PM"
/earnings_center/all/article/3441906-basilea-pharmaceuticas-bpmuf-ceo-ronald-scott-on-h1-2015-results-earnings-call-transcript,3441906,BPMUF,"Fri, Aug. 14,  7:00 PM"
/earnings_center/all/article/3441856-pan-american-silvers-paas-ceo-geoff-burns-on-q2-2015-results-earnings-call-transcript,3441856,PAAS,"Fri, Aug. 14,  6:25 PM"
/earnings_center/all/article/3441836-quest-resource-holdings-qrhc-ceo-brian-dick-on-q2-2015-results-earnings-call-transcript,3441836,QRHC,"Fri, Aug. 14,  6:18 PM"
/earnings_center/all/article/3441826-prometic-life-sciences-pfscf-ceo-pierre-laurin-on-q2-2015-results-earnings-call-transcript,3441826,PFSCF,1 Comment
/earnings_center/all/article/3441816-talon-internationals-taln-ceo-larry-dyne-on-q2-2015-results-earnings-call-transcript,3441816,TALN,"Fri, Aug. 14,  6:13 PM"
/earnings_center/all/article/3441786-latam-airlines-group-lfl-q2-2015-results-earnings-call-transcript,3441786,LFL,"Fri, Aug. 14,  6:06 PM"
/earnings_center/all/article/3441776-pacific-rubiales-energys-pegff-ceo-lyle-jensen-on-q2-2015-results-earnings-call-transcript,3441776,PEGFF,2 Comments
/earnings_center/all/article/3441766-astea-internationals-atea-ceo-zack-bergreen-on-q2-2015-results-earnings-call-transcript,3441766,ATEA,"Fri, Aug. 14,  6:04 PM"
/earnings_center/all/article/3441736-cpfl-energias-cpl-ceo-wilson-ferreira-junior-on-q2-2015-results-earnings-call-transcript,3441736,CPL,"Fri, Aug. 14,  5:45 PM"
/earnings_center/all/article/3434366-p-and-f-industries-pfin-ceo-richard-horowitz-on-q2-2015-results-earnings-call-transcript,3434366,PFIN,"Wed, Aug. 12,  5:28 PM"
/earnings_center/all/article/3434276-markits-mrkt-ceo-lance-uggla-on-q2-2015-results-earnings-call-transcript,3434276,MRKT,"Wed, Aug. 12,  5:16 PM"
/earnings_center/all/article/3434206-u-s-geothermals-htm-ceo-dennis-gilles-on-q2-2015-results-earnings-call-transcript,3434206,HTM,7 Comments
/earnings_center/all/article/3434176-parsley-energy-pe-bryan-sheffield-on-q2-2015-results-earnings-call-transcript,3434176,PE,"Wed, Aug. 12,  4:47 PM"
/earnings_center/all/article/3434156-ezchip-semiconductors-ezch-ceo-eli-fruchter-on-q2-2015-results-earnings-call-transcript,3434156,EZCH,"Wed, Aug. 12,  4:44 PM"
/earnings_center/all/article/3434146-american-dg-energys-adge-ceo-john-hatsopoulos-on-q2-2015-results-earnings-call-transcript,3434146,ADGE,"Wed, Aug. 12,  4:39 PM"
/earnings_center/all/article/3434136-sharps-compliances-smed-ceo-david-tusa-on-q4-2015-results-earnings-call-transcript,3434136,SMED,"Wed, Aug. 12,  4:35 PM"
/earnings_center/all/article/3434086-good-times-restaurants-gtim-ceo-boyd-hoback-on-q3-2015-results-earnings-call-transcript,3434086,GTIM,"Wed, Aug. 12,  4:27 PM"
/earnings_center/all/article/3425556-metabolix-mblx-q2-2015-results-earnings-call-webcast,3425556,MBLX,"Wed, Aug. 12,  4:25 PM"
/earnings_center/all/article/3425136-cisco-systems-csco-q4-2015-results-earnings-call-webcast,3425136,CSCO,1 Comment
/earnings_center/all/article/3434056-aramarks-armk-ceo-eric-foss-on-q3-2015-results-earnings-call-transcript,3434056,ARMK,"Wed, Aug. 12,  4:19 PM"
/earnings_center/all/article/3434046-asure-softwares-asur-ceo-patrick-goepel-on-q2-2015-results-earnings-call-transcript,3434046,ASUR,"Wed, Aug. 12,  4:18 PM"
/earnings_center/all/article/3433926-omv-omvjf-ceo-rainer-seele-on-q2-2015-results-earnings-call-transcript,3433926,OMVJF,"Wed, Aug. 12,  3:52 PM"
/earnings_center/all/article/3433896-caterpillars-cat-management-presents-at-jefferies-2015-industrials-conference-transcript,3433896,CAT,"Wed, Aug. 12,  3:44 PM"
/earnings_center/all/article/3433886-air-canadas-acdvf-ceo-calin-rovinescu-on-q2-2015-results-earnings-call-transcript,3433886,ACDVF,"Wed, Aug. 12,  3:43 PM"
/earnings_center/all/article/3433866-silver-wheatons-slw-ceo-randy-smallwood-on-q2-2015-results-earnings-call-transcript,3433866,SLW,4 Comments
/earnings_center/all/article/3433826-crown-crafts-crws-ceo-randall-chestnut-discusses-q1-2016-results-earnings-call-transcript,3433826,CRWS,"Wed, Aug. 12,  3:32 PM"
/earnings_center/all/article/3433786-siennas-lwscf-ceo-lois-cormack-on-q2-2015-results-earnings-call-transcript,3433786,LWSCF,"Wed, Aug. 12,  3:19 PM"
/earnings_center/all/article/3433756-marine-harvests-mnhvf-management-on-q2-2015-results-earnings-call-transcript,3433756,MNHVF,"Wed, Aug. 12,  3:08 PM"
/earnings_center/all/article/3433746-sanuwave-healths-snwv-ceo-kevin-richardson-discusses-q2-2015-results-earnings-call-transcript,3433746,SNWV,"Wed, Aug. 12,  3:06 PM"
/earnings_center/all/article/3433696-marine-harvests-mhg-q2-2015-results-earnings-call-transcript,3433696,MHG,3 Comments
/earnings_center/all/article/3433686-csls-cmxhf-ceo-paul-perreault-on-q4-2015-results-earnings-call-transcript,3433686,CMXHF,"Wed, Aug. 12,  2:49 PM"
/earnings_center/all/article/3433676-xinyuan-real-estate-xin-q2-2015-results-earnings-call-transcript,3433676,XIN,7 Comments
/earnings_center/all/article/3433666-histogenics-hsgx-ceo-adam-gridley-on-q2-2015-results-earnings-call-transcript,3433666,HSGX,"Wed, Aug. 12,  2:47 PM"
/earnings_center/all/article/3433646-tel-instrument-electronics-tik-ceo-jeff-ohara-on-q1-2016-results-earnings-call-transcript,3433646,TIK,"Wed, Aug. 12,  2:45 PM"
/earnings_center/all/article/3433556-atentos-atto-ceo-alejandro-reynal-on-q2-2015-results-earnings-call-transcript,3433556,ATTO,"Wed, Aug. 12,  2:34 PM"
/earnings_center/all/article/3433526-chorus-aviations-chrvf-ceo-joe-randell-on-q2-2015-results-earnings-call-transcript,3433526,CHRVF,"Wed, Aug. 12,  2:33 PM"
/earnings_center/all/article/3433476-alterra-powers-mgmxf-ceo-john-carson-on-q2-2015-results-earnings-call-transcript,3433476,MGMXF,"Wed, Aug. 12,  2:28 PM"
/earnings_center/all/article/3433456-lucara-diamonds-lucrf-ceo-william-lamb-on-q2-2015-results-earnings-call-transcript,3433456,LUCRF,1 Comment
/earnings_center/all/article/3433396-medley-capitals-mcc-ceo-brook-taube-on-q3-2015-results-earnings-call-transcript,3433396,MCC,3 Comments
/earnings_center/all/article/3439236-paylocity-holdings-pcty-ceo-steve-beauchamp-on-q4-2015-results-earnings-call-transcript,3439236,PCTY,"Thu, Aug. 13, 10:08 PM"
/earnings_center/all/article/3439226-james-hardie-industries-jhx-ceo-louis-gries-on-q1-2016-results-earnings-call-transcript,3439226,JHX,"Thu, Aug. 13, 10:06 PM"
/earnings_center/all/article/3439216-pdis-pdii-ceo-nancy-lurker-on-q2-2015-results-earnings-call-transcript,3439216,PDII,"Thu, Aug. 13, 10:03 PM"
/earnings_center/all/article/3439206-capricor-therapeutics-capr-ceo-linda-marban-on-q2-2015-results-earnings-call-transcript,3439206,CAPR,"Thu, Aug. 13, 10:01 PM"
/earnings_center/all/article/3439196-identivs-inve-ceo-jason-hart-on-q2-2015-results-earnings-call-transcript,3439196,INVE,"Thu, Aug. 13,  9:57 PM"
/earnings_center/all/article/3439186-clearsign-combustions-clir-ceo-stephen-pirnat-on-q2-2015-results-earnings-call-transcript,3439186,CLIR,"Thu, Aug. 13,  9:56 PM"
/earnings_center/all/article/3439176-applied-materials-amat-gary-e-dickerson-on-q3-2015-results-earnings-call-transcript,3439176,AMAT,1 Comment
/earnings_center/all/article/3439166-ricebran-technologies-ribt-ceo-john-short-on-q2-2015-results-earnings-call-transcript,3439166,RIBT,"Thu, Aug. 13,  9:36 PM"
/earnings_center/all/article/3439156-immucells-iccc-ceo-michael-brigham-on-q2-2015-results-earnings-call-transcript,3439156,ICCC,"Thu, Aug. 13,  9:36 PM"
/earnings_center/all/article/3439146-nordstrom-jwn-q2-2015-results-earnings-call-transcript,3439146,JWN,"Thu, Aug. 13,  9:23 PM"
/earnings_center/all/article/3439136-ultragenyx-pharmaceuticals-rare-ceo-emil-kakkis-on-q2-2015-results-earnings-call-transcript,3439136,RARE,1 Comment
/earnings_center/all/article/3439126-nv5-holdings-nvee-ceo-dickerson-wright-on-q2-2015-results-earnings-call-transcript,3439126,NVEE,"Thu, Aug. 13,  9:17 PM"
/earnings_center/all/article/3439116-spine-pains-spin-ceo-william-donovan-on-q2-2015-results-earnings-call-transcript,3439116,SPIN,"Thu, Aug. 13,  9:17 PM"
/earnings_center/all/article/3439106-biodels-biod-ceo-errol-de-souza-discusses-q3-2015-results-earnings-call-transcript,3439106,BIOD,"Thu, Aug. 13,  9:14 PM"
/earnings_center/all/article/3439096-youngevity-internationals-ygyi-ceo-steve-wallach-on-q2-2015-results-earnings-call-transcript,3439096,YGYI,"Thu, Aug. 13,  9:10 PM"
/earnings_center/all/article/3439086-harvard-apparatus-regenerative-technologys-hart-ceo-jim-mcgorry-on-q2-2015-results-earnings-call-transcript,3439086,HART,4 Comments
/earnings_center/all/article/3439076-king-digital-entertainment-plc-king-riccardo-zacconi-on-q2-2015-results-earnings-call-transcript,3439076,KING,1 Comment
/earnings_center/all/article/3439066-xplore-technologies-xplr-ceo-philip-sassower-on-q1-2016-results-earnings-call-transcript,3439066,XPLR,"Thu, Aug. 13,  8:57 PM"
/earnings_center/all/article/3439056-veracytes-vcyt-ceo-bonnie-anderson-on-q2-2015-results-earnings-call-transcript,3439056,VCYT,"Thu, Aug. 13,  8:53 PM"
/earnings_center/all/article/3439046-bsquares-bsqr-ceo-jerry-chase-on-q2-2015-results-earnings-call-transcript,3439046,BSQR,"Thu, Aug. 13,  8:48 PM"
/earnings_center/all/article/3439036-globants-glob-ceo-martin-migoya-on-q2-2015-results-earnings-call-transcript,3439036,GLOB,"Thu, Aug. 13,  8:45 PM"
/earnings_center/all/article/3439026-tetragon-financial-groups-tgonf-ceo-paddy-dear-on-q2-2015-results-earnings-call-transcript,3439026,TGONF,"Thu, Aug. 13,  8:42 PM"
/earnings_center/all/article/3439016-sonic-foundrys-sofo-ceo-gary-weis-on-q3-2015-results-earnings-call-transcript,3439016,SOFO,"Thu, Aug. 13,  8:42 PM"
/earnings_center/all/article/3439006-aspen-technologys-azpn-ceo-antonio-pietri-on-q4-2015-results-earnings-call-transcript,3439006,AZPN,"Thu, Aug. 13,  8:31 PM"
/earnings_center/all/article/3438996-vermillions-vrml-ceo-valerie-palmieri-on-q2-2015-results-earnings-call-transcript,3438996,VRML,"Thu, Aug. 13,  8:23 PM"
/earnings_center/all/article/3438986-bellicum-pharmaceuticals-blcm-ceo-tom-farrell-on-q2-2015-results-earnings-call-transcript,3438986,BLCM,"Thu, Aug. 13,  8:22 PM"
/earnings_center/all/article/3438976-cosis-cosi-ceo-r-j-dourney-on-q2-2015-results-earnings-call-transcript,3438976,COSI,2 Comments
/earnings_center/all/article/3438966-stonecastle-financials-banx-ceo-joshua-siegel-on-q2-2015-results-earnings-call-transcript,3438966,BANX,"Thu, Aug. 13,  8:13 PM"
/earnings_center/all/article/3438956-novabay-pharmaceuticals-nby-ceo-ron-najafi-on-q2-2015-results-earnings-call-transcript,3438956,NBY,1 Comment
/earnings_center/all/article/3438936-transgenomics-tbio-ceo-paul-kinnon-on-q2-2015-results-earnings-call-transcript,3438936,TBIO,"Thu, Aug. 13,  8:03 PM"
/earnings_center/all/article/3450346-tarena-internationals-tedu-ceo-shaoyun-han-discusses-q2-2015-results-earnings-call-transcript,3450346,TEDU,"Wed, Aug. 19,  2:10 AM"
/earnings_center/all/article/3450286-weibos-wb-ceo-gaofei-wang-on-q2-2015-results-earnings-call-transcript,3450286,WB,1 Comment
/earnings_center/all/article/3450226-woodside-petroleums-wopef-ceo-peter-coleman-on-h1-2015-results-earnings-call-transcript,3450226,WOPEF,"Wed, Aug. 19,  1:09 AM"
/earnings_center/all/article/3450146-analog-devices-adi-vincent-t-roche-on-q3-2015-results-earnings-call-transcript,3450146,ADI,"Tue, Aug. 18, 11:27 PM"
/earnings_center/all/article/3439876-sina-sina-q2-2015-results-earnings-call-webcast,3439876,SINA,1 Comment
/earnings_center/all/article/3449996-devry-education-group-dv-daniel-m-hamburger-on-q4-2015-results-earnings-call-transcript,3449996,DV,"Tue, Aug. 18,  8:35 PM"
/earnings_center/all/article/3449916-canadian-solars-csiq-ceo-shawn-qu-on-q2-2015-results-earnings-call-transcript,3449916,CSIQ,8 Comments
/earnings_center/all/article/3449906-key-tronics-ktcc-ceo-craig-gates-on-q4-2015-results-earnings-call-transcript,3449906,KTCC,"Tue, Aug. 18,  7:24 PM"
/earnings_center/all/article/3449836-mobile-telesystems-mbt-ceo-andrei-dubovskov-on-q2-2015-results-earnings-call-transcript,3449836,MBT,"Tue, Aug. 18,  6:48 PM"
/earnings_center/all/article/3449626-wood-groups-wdgjf-ceo-robert-keiller-on-q2-2015-results-earnings-call-transcript,3449626,WDGJF,"Tue, Aug. 18,  5:30 PM"
/earnings_center/all/article/3435776-analog-devices-adi-q3-2015-results-earnings-call-webcast,3435776,ADI,"Tue, Aug. 18,  4:55 PM"
/earnings_center/all/article/3434456-canadian-solar-csiq-q2-2015-results-earnings-call-webcast,3434456,CSIQ,"Tue, Aug. 18,  4:55 PM"
/earnings_center/all/article/3449366-wal-mart-stores-wmt-ceo-doug-mcmillon-on-q2-2016-results-earnings-call-transcript,3449366,WMT,1 Comment
/earnings_center/all/article/3449256-the-hain-celestial-groups-hain-ceo-irwin-simon-on-q4-2015-results-earnings-call-transcript,3449256,HAIN,"Tue, Aug. 18,  3:25 PM"
/earnings_center/all/article/3449246-navios-maritime-acquisitions-nna-ceo-angeliki-frangou-on-q2-2015-results-earnings-call-transcript,3449246,NNA,1 Comment
/earnings_center/all/article/3449226-tjx-companies-tjx-ceo-carol-meyrowitz-discusses-q2-2016-results-earnings-call-transcript,3449226,TJX,"Tue, Aug. 18,  3:11 PM"
/earnings_center/all/article/3449176-bb-and-t-corporation-bbt-mergers-and-acquisitions-results-earnings-call-transcript,3449176,BBT,"Tue, Aug. 18,  2:56 PM"
/earnings_center/all/article/3449156-mastec-mtz-jose-ramon-mas-on-q2-2015-results-earnings-call-transcript,3449156,MTZ,"Tue, Aug. 18,  2:51 PM"
/earnings_center/all/article/3449146-companhia-de-saneamento-basico-do-estado-de-sao-paulo-sabesps-sbs-q2-2015-results-earnings-call-transcript,3449146,SBS,"Tue, Aug. 18,  2:51 PM"
/earnings_center/all/article/3449086-iluka-resources-ilkaf-q2-2015-results-earnings-call-transcript,3449086,ILKAF,"Tue, Aug. 18,  2:33 PM"
/earnings_center/all/article/3449076-the-home-depot-hd-craig-a-menear-on-q2-2015-results-earnings-call-transcript,3449076,HD,"Tue, Aug. 18,  2:33 PM"
/earnings_center/all/article/3449036-dicks-sporting-goods-dks-edward-w-stack-on-q2-2015-results-earnings-call-transcript,3449036,DKS,"Tue, Aug. 18,  2:21 PM"
/earnings_center/all/article/3449016-spanish-broadcasting-systems-sbsa-q2-2015-results-earnings-call-transcript,3449016,SBSA,"Tue, Aug. 18,  2:20 PM"
/earnings_center/all/article/3449006-harmony-gold-mining-limiteds-hmy-ceo-graham-briggs-on-q4-2015-results-earnings-call-transcript,3449006,HMY,"Tue, Aug. 18,  2:18 PM"
/earnings_center/all/article/3448976-cheetah-mobiles-cmcm-ceo-sheng-fu-on-q2-2015-results-earnings-call-transcript,3448976,CMCM,"Tue, Aug. 18,  2:11 PM"
/earnings_center/all/article/3448906-trina-solars-tsl-ceo-jifan-gao-discusses-q2-2015-results-earnings-call-transcript,3448906,TSL,3 Comments
/earnings_center/all/article/3448886-china-ceramics-cccl-ceo-huang-jia-dong-on-q2-2015-results-earnings-call-transcript,3448886,CCCL,"Tue, Aug. 18,  1:23 PM"
/earnings_center/all/article/3448776-china-ming-yang-wind-power-groups-my-ceo-chuanwei-zhang-on-q3-2015-results-earnings-call-transcript,3448776,MY,"Tue, Aug. 18, 12:57 PM"
/earnings_center/all/article/3448766-akers-biosciences-aker-management-discussion-on-q2-2015-results-earnings-call-transcript,3448766,AKER,"Tue, Aug. 18, 12:55 PM"
/earnings_center/all/article/3448626-sypris-solutions-sypr-ceo-jeffrey-gill-on-q2-2015-results-earnings-call-transcript,3448626,SYPR,"Tue, Aug. 18, 12:17 PM"
/earnings_center/all/article/3437496-medical-facilities-mfcsf-ceo-donald-schellpfeffer-on-q2-2015-results-earnings-call-transcript,3437496,MFCSF,"Thu, Aug. 13,  2:05 PM"
/earnings_center/all/article/3437476-kohls-kss-ceo-kevin-mansell-on-q2-2015-results-earnings-call-transcript,3437476,KSS,"Thu, Aug. 13,  1:58 PM"
/earnings_center/all/article/3437466-ois-oibr-ceo-bayard-de-paoli-gontijo-on-q2-2015-results-earnings-call-transcript,3437466,OIBR,22 Comments
/earnings_center/all/article/3437426-klondex-mines-klndf-ceo-paul-huet-on-q2-2015-results-earnings-call-transcript,3437426,KLNDF,"Thu, Aug. 13,  1:53 PM"
/earnings_center/all/article/3437416-interoils-ioc-ceo-michael-hession-discusses-q2-2015-results-earnings-call-transcript,3437416,IOC,1 Comment
/earnings_center/all/article/3437406-cosans-czz-ceo-nelson-gomes-on-q2-2015-results-earnings-call-transcript,3437406,CZZ,"Thu, Aug. 13,  1:52 PM"
/earnings_center/all/article/3437366-zynexs-zyxi-ceo-thomas-sandgaard-on-q2-2015-results-earnings-call-transcript,3437366,ZYXI,"Thu, Aug. 13,  1:50 PM"
/earnings_center/all/article/3437356-rcm-technologies-rcmt-ceo-rocco-campanelli-on-q2-2015-results-earnings-call-transcript,3437356,RCMT,"Thu, Aug. 13,  1:47 PM"
/earnings_center/all/article/3437346-pfenexs-pfnx-ceo-bertrand-liang-on-q2-2015-results-earnings-call-transcript,3437346,PFNX,"Thu, Aug. 13,  1:46 PM"
/earnings_center/all/article/3437336-russel-metals-rusmf-ceo-brian-hedges-on-q2-2015-results-earnings-call-transcript,3437336,RUSMF,"Thu, Aug. 13,  1:45 PM"
/earnings_center/all/article/3437306-xenia-hotels-and-resorts-xhr-ceo-marcel-verbaas-on-q2-2015-results-earnings-call-transcript,3437306,XHR,"Thu, Aug. 13,  1:40 PM"
/earnings_center/all/article/3437296-coty-coty-bart-becht-on-q4-2015-results-earnings-call-transcript,3437296,COTY,"Thu, Aug. 13,  1:39 PM"
/earnings_center/all/article/3437266-st-andrew-goldfields-stadf-ceo-duncan-middlemiss-on-q2-2015-results-earnings-call-transcript,3437266,STADF,"Thu, Aug. 13,  1:32 PM"
/earnings_center/all/article/3437246-cellcom-israels-cel-ceo-nir-sztern-on-q2-2015-results-earnings-call-transcript,3437246,CEL,"Thu, Aug. 13,  1:29 PM"
/earnings_center/all/article/3437176-vistas-vsto-ceo-mark-deyoung-on-q1-2016-results-earnings-call-transcript,3437176,VSTO,"Thu, Aug. 13,  1:19 PM"
/earnings_center/all/article/3437126-briggs-and-stratton-bgg-todd-j-teske-on-q4-2015-results-earnings-call-transcript,3437126,BGG,"Thu, Aug. 13,  1:15 PM"
/earnings_center/all/article/3437086-chemtrade-logistics-cgiff-ceo-mark-davis-on-q2-2015-results-earnings-call-transcript,3437086,CGIFF,"Thu, Aug. 13,  1:03 PM"
/earnings_center/all/article/3437076-str-holdings-stri-ceo-bob-yorgensen-on-q2-2015-results-earnings-call-transcript,3437076,STRI,"Thu, Aug. 13,  1:00 PM"
/earnings_center/all/article/3437016-dara-biosciences-dara-ceo-christopher-clement-on-q2-2015-results-earnings-call-transcript,3437016,DARA,1 Comment
/earnings_center/all/article/3437006-veritivs-vrtv-ceo-mary-laschinger-on-q2-2015-results-earnings-call-transcript,3437006,VRTV,"Thu, Aug. 13, 12:50 PM"
/earnings_center/all/article/3436936-flowers-foods-flo-ceo-allen-shiver-on-q2-2015-results-earnings-call-transcript,3436936,FLO,"Thu, Aug. 13, 12:37 PM"
/earnings_center/all/article/3436896-platform-specialty-products-pah-daniel-h-leever-on-q2-2015-results-earnings-call-transcript,3436896,PAH,"Thu, Aug. 13, 12:28 PM"
/earnings_center/all/article/3436876-harris-and-harris-groups-tiny-ceo-doug-jamison-on-q2-2015-results-earnings-call-transcript,3436876,TINY,"Thu, Aug. 13, 12:24 PM"
/earnings_center/all/article/3436866-ceragon-networks-crnt-ceo-ira-palti-on-q2-2015-results-earnings-call-transcript,3436866,CRNT,"Thu, Aug. 13, 12:23 PM"
/earnings_center/all/article/3436856-national-holdings-nhld-ceo-robert-fagenson-on-q3-2015-results-earnings-call-transcript,3436856,NHLD,1 Comment
/earnings_center/all/article/3436826-cypress-energy-partners-celp-ceo-pete-boylan-on-q2-2015-results-earnings-call-transcript,3436826,CELP,"Thu, Aug. 13, 12:19 PM"
/earnings_center/all/article/3436776-alcobras-adhd-ceo-yaron-daniely-on-q2-2015-results-earnings-call-transcript,3436776,ADHD,1 Comment
/earnings_center/all/article/3436766-aoxin-tianli-groups-abac-ceo-ping-wang-on-q2-2015-results-earnings-call-transcript,3436766,ABAC,"Thu, Aug. 13, 12:05 PM"
/earnings_center/all/article/3436756-rmg-networks-holdings-rmgn-ceo-bob-michelson-on-q2-2015-results-earnings-call-transcript,3436756,RMGN,"Thu, Aug. 13, 12:05 PM"
/earnings_center/all/article/3436746-you-on-demand-holdings-yod-ceo-weicheng-liu-on-q2-2015-results-earnings-call-transcript,3436746,YOD,"Thu, Aug. 13, 12:04 PM"
/earnings_center/all/article/3424646-asure-software-asur-q2-2015-results-earnings-call-webcast,3424646,ASUR,"Wed, Aug. 12, 10:55 AM"
/earnings_center/all/article/3432366-china-new-boruns-born-ceo-jinmaio-wang-on-q2-2015-results-earnings-call-transcript,3432366,BORN,"Wed, Aug. 12, 10:53 AM"
/earnings_center/all/article/3432296-ever-glory-international-group-evk-q2-2015-results-earnings-call-transcript,3432296,EVK,"Wed, Aug. 12, 10:42 AM"
/earnings_center/all/article/3432256-elteks-eltk-ceo-yitzhak-nissan-on-q2-2015-results-earnings-call-transcript,3432256,ELTK,"Wed, Aug. 12, 10:34 AM"
/earnings_center/all/article/3432146-wayfairs-w-ceo-niraj-shah-on-q2-2015-results-earnings-call-transcript,3432146,W,"Wed, Aug. 12, 10:19 AM"
/earnings_center/all/article/3424616-medley-capital-mcc-q3-2015-results-earnings-call-webcast,3424616,MCC,"Wed, Aug. 12,  9:55 AM"
/earnings_center/all/article/3424626-applied-industrial-technologies-ait-q4-2015-results-earnings-call-webcast,3424626,AIT,"Wed, Aug. 12,  9:55 AM"
/earnings_center/all/article/3430266-partner-communications-company-ptnr-q2-2015-results-earnings-call-webcast,3430266,PTNR,"Wed, Aug. 12,  9:55 AM"
/earnings_center/all/article/3424636-sunopta-stkl-q2-2015-results-earnings-call-webcast,3424636,STKL,"Wed, Aug. 12,  9:55 AM"
/earnings_center/all/article/3431936-vericels-vcel-ceo-nick-colangelo-on-q2-2015-results-earnings-call-transcript,3431936,VCEL,"Wed, Aug. 12,  9:39 AM"
/earnings_center/all/article/3431906-henkels-henky-ceo-kasper-rorsted-on-q2-2015-results-earnings-call-transcript,3431906,HENKY,"Wed, Aug. 12,  9:25 AM"
/earnings_center/all/article/3424606-macys-m-q2-2015-results-earnings-call-webcast,3424606,M,"Wed, Aug. 12,  8:55 AM"
/earnings_center/all/article/3430256-xinyuan-real-estate-xin-q2-2015-results-earnings-call-webcast,3430256,XIN,"Wed, Aug. 12,  7:55 AM"
/earnings_center/all/article/3431286-phoenix-new-medias-feng-ceo-shuang-liu-on-q2-2015-results-earnings-call-transcript,3431286,FENG,"Wed, Aug. 12,  4:44 AM"
/earnings_center/all/article/3431156-home-inns-and-hotels-managements-hmin-ceo-david-sun-on-q2-2015-results-earnings-call-transcript,3431156,HMIN,"Wed, Aug. 12,  3:54 AM"
/earnings_center/all/article/3430976-luna-innovations-luna-ceo-my-chung-on-q2-2015-results-earnings-call-transcript,3430976,LUNA,"Wed, Aug. 12, 12:00 AM"
/earnings_center/all/article/3430966-semiconductor-manufacturing-internationals-smi-ceo-t-y-chiu-on-q2-2015-results-earnings-call-transcript,3430966,SMI,"Tue, Aug. 11, 11:44 PM"
/earnings_center/all/article/3430946-fossils-fosl-ceo-kosta-kartsotis-discusses-q2-2015-results-earnings-call-transcript,3430946,FOSL,"Tue, Aug. 11, 11:30 PM"
/earnings_center/all/article/3430936-viavi-solutions-viav-ceo-richard-belluzzo-on-q4-2015-results-earnings-call-transcript,3430936,VIAV,1 Comment
/earnings_center/all/article/3430906-opowers-opwr-ceo-dan-yates-on-q2-2015-results-earnings-call-transcript,3430906,OPWR,"Tue, Aug. 11, 10:26 PM"
/earnings_center/all/article/3430896-netlists-nlst-ceo-chuck-hong-on-q2-2015-results-earnings-call-transcript,3430896,NLST,3 Comments
/earnings_center/all/article/3430886-noble-romans-nrom-ceo-paul-mobley-on-q2-2015-results-earnings-call-transcript,3430886,NROM,"Tue, Aug. 11, 10:22 PM"
/earnings_center/all/article/3430876-zafgens-zfgn-ceo-tom-hughes-on-q2-2015-results-earnings-call-transcript,3430876,ZFGN,"Tue, Aug. 11, 10:21 PM"
/earnings_center/all/article/3430866-prudentials-puk-ceo-mike-wells-on-q2-2015-results-earnings-call-transcript,3430866,PUK,"Tue, Aug. 11, 10:18 PM"
/earnings_center/all/article/3430836-triplepoint-venture-growths-tpvg-ceo-jim-labe-on-q2-2015-results-earnings-call-transcript,3430836,TPVG,"Tue, Aug. 11, 10:04 PM"
/earnings_center/all/article/3430816-everyday-healths-evdy-ceo-ben-wolin-on-q2-2015-results-earnings-call-transcript,3430816,EVDY,"Tue, Aug. 11,  9:46 PM"
/earnings_center/all/article/3430796-freshpets-frpt-ceo-richard-thompson-on-q2-2015-results-earnings-call-transcript,3430796,FRPT,"Tue, Aug. 11,  9:38 PM"
/earnings_center/all/article/3430786-myriad-genetics-mygn-mark-c-capone-on-q4-2015-results-earnings-call-transcript,3430786,MYGN,"Tue, Aug. 11,  9:25 PM"
/earnings_center/all/article/3430776-optimizerxs-oprx-ceo-david-harrell-on-q2-2015-results-earnings-call-transcript,3430776,OPRX,"Tue, Aug. 11,  9:24 PM"
/earnings_center/all/article/3430766-cyberark-softwares-cybr-ceo-udi-mokady-on-q2-2015-results-earnings-call-transcript,3430766,CYBR,"Tue, Aug. 11,  9:22 PM"
/earnings_center/all/article/3436726-masts-mstx-ceo-brian-culley-on-q2-2015-results-earnings-call-transcript,3436726,MSTX,"Thu, Aug. 13, 12:03 PM"
/earnings_center/all/article/3436636-bluelinx-holdings-bxc-ceo-mitch-lewis-on-q2-2015-results-earnings-call-transcript,3436636,BXC,"Thu, Aug. 13, 11:51 AM"
/earnings_center/all/article/3436616-xunleis-xnet-ceo-sean-zou-on-q2-2015-results-earnings-call-transcript,3436616,XNET,"Thu, Aug. 13, 11:50 AM"
/earnings_center/all/article/3436496-swisher-hygienes-swsh-ceo-bill-pierce-on-q2-2015-results-earnings-call-transcript,3436496,SWSH,"Thu, Aug. 13, 11:27 AM"
/earnings_center/all/article/3436486-paragon-offshores-pgn-ceo-randy-stilley-on-q2-2015-results-earnings-call-transcript,3436486,PGN,"Thu, Aug. 13, 11:23 AM"
/earnings_center/all/article/3436476-kingstone-companies-kins-ceo-barry-goldstein-on-q2-2015-results-earnings-call-transcript,3436476,KINS,"Thu, Aug. 13, 11:14 AM"
/earnings_center/all/article/3436466-eleven-biotherapeutics-ebio-ceo-abbie-celniker-on-q2-2015-results-earnings-call-transcript,3436466,EBIO,"Thu, Aug. 13, 11:09 AM"
/earnings_center/all/article/3436426-dipexium-pharmaceuticals-dprx-ceo-david-luci-on-q2-2015-results-earnings-call-transcript,3436426,DPRX,"Thu, Aug. 13, 10:59 AM"
/earnings_center/all/article/3436406-hooper-holmes-hh-ceo-henry-dubois-on-q2-2015-results-earnings-call-transcript,3436406,HH,"Thu, Aug. 13, 10:52 AM"
/earnings_center/all/article/3436346-ituran-location-and-control-itrn-on-q2-2015-results-earnings-call-transcript,3436346,ITRN,"Thu, Aug. 13, 10:34 AM"
/earnings_center/all/article/3436326-nephrogenexs-nrx-ceo-pierre-legault-on-q2-2015-results-earnings-call-transcript,3436326,NRX,"Thu, Aug. 13, 10:31 AM"
/earnings_center/all/article/3436296-atas-atai-ceo-kevin-ma-on-q1-2016-results-earnings-call-transcript,3436296,ATAI,"Thu, Aug. 13, 10:22 AM"
/earnings_center/all/article/3436266-mood-medias-fdmcf-ceo-steve-richards-on-q2-2015-results-earnings-call-transcript,3436266,FDMCF,"Thu, Aug. 13, 10:15 AM"
/earnings_center/all/article/3436206-orient-papers-onp-ceo-zhenyong-liu-on-q2-2015-results-earnings-call-transcript,3436206,ONP,"Thu, Aug. 13, 10:06 AM"
/earnings_center/all/article/3436116-sinovac-biotechs-sva-ceo-weidong-yin-on-q2-2015-results-earnings-call-transcript,3436116,SVA,"Thu, Aug. 13,  9:55 AM"
/earnings_center/all/article/3427446-advance-auto-parts-aap-q2-2015-results-earnings-call-webcast,3427446,AAP,"Thu, Aug. 13,  9:55 AM"
/earnings_center/all/article/3435446-cellcom-israel-cel-q2-2015-results-earnings-call-webcast,3435446,CEL,"Thu, Aug. 13,  9:55 AM"
/earnings_center/all/article/3431376-bluelinx-holdings-bxc-q2-2015-results-earnings-call-webcast,3431376,BXC,"Thu, Aug. 13,  9:55 AM"
/earnings_center/all/article/3436006-element-financials-eleef-ceo-steven-hudson-on-q2-2015-results-earnings-call-transcript,3436006,ELEEF,"Thu, Aug. 13,  9:12 AM"
/earnings_center/all/article/3435996-singapore-telecommunications-sgtcf-ceo-on-q1-2016-results-earnings-call-transcript,3435996,SGTCF,"Thu, Aug. 13,  9:10 AM"
/earnings_center/all/article/3427226-cambium-learning-group-abcd-q2-2015-results-earnings-call-webcast,3427226,ABCD,"Thu, Aug. 13,  8:55 AM"
/earnings_center/all/article/3431366-ceragon-networks-crnt-q2-2015-results-earnings-call-webcast,3431366,CRNT,"Thu, Aug. 13,  8:55 AM"
/earnings_center/all/article/3434476-str-holdings-stri-q2-2015-results-earnings-call-webcast,3434476,STRI,"Thu, Aug. 13,  8:55 AM"
/earnings_center/all/article/3427146-kohls-kss-q2-2015-results-earnings-call-webcast,3427146,KSS,"Thu, Aug. 13,  8:25 AM"
/earnings_center/all/article/3435806-aegons-aeg-ceo-alex-wynaendts-on-q2-2015-results-earnings-call-transcript,3435806,AEG,1 Comment
/earnings_center/all/article/3435596-telstras-ttraf-ceo-andrew-penn-discusses-q2-2015-results-earnings-call-transcript,3435596,TTRAF,"Thu, Aug. 13,  6:34 AM"
/earnings_center/all/article/3435126-tabcorp-holdings-tabcf-ceo-david-attenborough-on-q2-2015-results-earnings-call-transcript,3435126,TABCF,"Thu, Aug. 13,  2:36 AM"
/earnings_center/all/article/3435066-neteases-ntes-ceo-william-ding-on-q2-2015-results-earnings-call-transcript,3435066,NTES,"Thu, Aug. 13, 12:46 AM"
/earnings_center/all/article/3435036-selecticas-sltc-ceo-patrick-stakenas-discusses-q1-2016-results-earnings-call-transcript,3435036,SLTC,"Wed, Aug. 12, 11:26 PM"
/earnings_center/all/article/3435026-terra-techs-trtc-ceo-derek-peterson-on-q2-2015-results-earnings-call-transcript,3435026,TRTC,6 Comments
/earnings_center/all/article/3438926-mela-sciences-mela-ceo-michael-stewart-on-q2-2015-results-earnings-call-transcript,3438926,MELA,"Thu, Aug. 13,  7:58 PM"
/earnings_center/all/article/3438896-canadian-tires-cdntf-ceo-michael-medline-discusses-q2-2015-results-earnings-call-transcript,3438896,CDNTF,"Thu, Aug. 13,  7:43 PM"
/earnings_center/all/article/3438886-oncogenex-pharmaceuticals-ogxi-ceo-scott-cormack-on-q2-2015-results-earnings-call-transcript,3438886,OGXI,"Thu, Aug. 13,  7:41 PM"
/earnings_center/all/article/3438876-amedicas-amda-ceo-sonny-bal-on-q2-2015-results-earnings-call-transcript,3438876,AMDA,"Thu, Aug. 13,  7:38 PM"
/earnings_center/all/article/3438866-el-pollo-locos-loco-ceo-steve-sather-on-q1-2015-results-earnings-call-transcript,3438866,LOCO,3 Comments
/earnings_center/all/article/3438846-cafepress-prss-ceo-fred-durham-on-q2-2015-results-earnings-call-transcript,3438846,PRSS,"Thu, Aug. 13,  7:33 PM"
/earnings_center/all/article/3438836-diadexus-cpa-ceo-lori-rafield-on-q2-2015-results-earnings-call-transcript,3438836,DDXS,1 Comment
/earnings_center/all/article/3438826-nestle-nsrgy-q2-2015-results-earnings-call-transcript,3438826,NSRGY,"Thu, Aug. 13,  7:28 PM"
/earnings_center/all/article/3438796-mad-catz-interactives-mcz-ceo-darren-richardson-on-q1-2016-results-earnings-call-transcript,3438796,MCZ,1 Comment
/earnings_center/all/article/3438766-wave-systems-wavx-ceo-bill-solms-on-q2-2015-results-earnings-call-transcript,3438766,WAVX,2 Comments
/earnings_center/all/article/3438746-gse-systems-gvp-ceo-kyle-loudermilk-on-q2-2015-results-earnings-call-transcript,3438746,GVP,"Thu, Aug. 13,  6:43 PM"
/earnings_center/all/article/3438736-onvias-onvi-ceo-hank-riner-on-q2-2015-results-earnings-call-transcript,3438736,ONVI,"Thu, Aug. 13,  6:43 PM"
/earnings_center/all/article/3438716-aethlons-aemd-ceo-jim-joyce-on-q1-2016-results-earnings-call-transcript,3438716,AEMD,"Thu, Aug. 13,  6:33 PM"
/earnings_center/all/article/3438706-evoke-pharmas-evok-ceo-dave-gonyer-on-q2-2015-results-earnings-call-transcript,3438706,EVOK,"Thu, Aug. 13,  6:23 PM"
/earnings_center/all/article/3438686-roka-biosciences-roka-ceo-paul-thomas-on-q2-2015-results-earnings-call-transcript,3438686,ROKA,"Thu, Aug. 13,  6:16 PM"
/earnings_center/all/article/3438666-dgse-companies-dgse-ceo-dusty-clem-on-q2-2015-results-earnings-call-transcript,3438666,DGSE,"Thu, Aug. 13,  6:10 PM"
/earnings_center/all/article/3438466-black-diamond-group-limiteds-bdimf-ceo-trevor-haynes-on-q2-2015-results-earnings-call-transcript,3438466,BDIMF,"Thu, Aug. 13,  5:24 PM"
/earnings_center/all/article/3438456-the-middlebys-midd-ceo-selim-bassoul-on-q2-2015-results-earnings-call-transcript,3438456,MIDD,"Thu, Aug. 13,  5:24 PM"
/earnings_center/all/article/3438406-just-energys-je-ceo-deb-merril-on-q1-2016-results-earnings-call-transcript,3438406,JE,2 Comments
/earnings_center/all/article/3438396-copa-holdings-cpa-ceo-pedro-heilbron-on-q2-2015-results-earnings-call-transcript,3438396,CPA,6 Comments
/earnings_center/all/article/3438386-vascular-biogenicss-vblt-ceo-dror-harats-on-q2-2015-results-earnings-call-transcript,3438386,VBLT,"Thu, Aug. 13,  5:10 PM"
/earnings_center/all/article/3438376-store-capital-stor-christopher-volk-on-q2-2015-results-earnings-call-transcript,3438376,STOR,"Thu, Aug. 13,  5:09 PM"
/earnings_center/all/article/3438346-amerigo-resources-arref-ceo-klaus-zeitler-on-q2-2015-results-earnings-call-transcript,3438346,ARREF,"Thu, Aug. 13,  5:03 PM"
/earnings_center/all/article/3431386-identiv-inve-q2-2015-results-earnings-call-webcast,3431386,INVE,"Thu, Aug. 13,  4:55 PM"
/earnings_center/all/article/3431396-mad-catz-interactive-mcz-q1-2016-results-earnings-call-webcast,3431396,MCZ,"Thu, Aug. 13,  4:55 PM"
/earnings_center/all/article/3429876-cosi-cosi-q2-2015-results-earnings-call-webcast,3429876,COSI,"Thu, Aug. 13,  4:55 PM"
/earnings_center/all/article/3434506-emagin-eman-q2-2015-results-earnings-call-webcast,3434506,EMAN,"Thu, Aug. 13,  4:40 PM"
/earnings_center/all/article/3429726-nordstrom-jwn-q2-2015-results-earnings-call-webcast,3429726,JWN,"Thu, Aug. 13,  4:40 PM"
/earnings_center/all/article/3438296-claude-resources-cgr-ceo-brian-skanderbeg-on-q2-2015-results-earnings-call-transcript,3438296,CGR,"Thu, Aug. 13,  4:36 PM"
/earnings_center/all/article/3438266-crescent-points-cpg-ceo-scott-saxberg-on-q2-2015-results-earnings-call-transcript,3438266,CPG,"Thu, Aug. 13,  4:30 PM"
/earnings_center/all/article/3440776-cipher-pharmaceuticals-cphr-ceo-shawn-patrick-obrien-discusses-q2-2015-results-earnings-call-transcript,3440776,CPHR,"Fri, Aug. 14, 12:16 PM"
/earnings_center/all/article/3440766-fifth-street-asset-managements-fsam-ceo-leonard-tannenbaum-on-q2-2015-results-earnings-call-transcript,3440766,FSAM,"Fri, Aug. 14, 12:12 PM"
/earnings_center/all/article/3440716-micronet-enertec-technologies-mict-ceo-david-lucatz-on-q2-2015-results-earnings-call-transcript,3440716,MICT,"Fri, Aug. 14, 11:44 AM"
/earnings_center/all/article/3440706-innocolls-innl-ceo-anthony-zook-on-q2-2015-results-earnings-call-transcript,3440706,INNL,"Fri, Aug. 14, 11:43 AM"
/earnings_center/all/article/3440666-interleukin-genetics-iliu-ceo-mark-carbeau-on-q2-2015-results-earnings-call-transcript,3440666,ILIU,"Fri, Aug. 14, 11:35 AM"
/earnings_center/all/article/3440656-utstarcom-holdings-utsi-ceo-william-wong-on-q2-2015-results-earnings-call-transcript,3440656,UTSI,"Fri, Aug. 14, 11:30 AM"
/earnings_center/all/article/3440636-qkl-stores-qkls-ceo-zhuangyi-wang-on-q2-2015-results-earnings-call-transcript,3440636,QKLS,"Fri, Aug. 14, 11:29 AM"
/earnings_center/all/article/3440566-actions-semiconductors-acts-ceo-zhenyu-zhou-on-q2-2015-results-earnings-call-transcript,3440566,ACTS,"Fri, Aug. 14, 11:22 AM"
/earnings_center/all/article/3440536-country-style-cooking-restaurant-chains-ccsc-ceo-xingqiang-zhang-on-q2-2015-results-earnings-call-transcript,3440536,CCSC,"Fri, Aug. 14, 11:05 AM"
/earnings_center/all/article/3440516-nuo-therapeutics-nuot-ceo-dean-tozer-on-q2-2015-results-earnings-call-transcript,3440516,NUOT,2 Comments
/earnings_center/all/article/3440476-cleantech-solutions-clnt-management-on-q2-2015-results-earnings-call-transcript,3440476,CLNT,"Fri, Aug. 14, 10:56 AM"
/earnings_center/all/article/3440426-china-pharma-holdings-cphi-ceo-zhilin-li-on-q2-2015-results-earnings-call-transcript,3440426,CPHI,"Fri, Aug. 14, 10:42 AM"
/earnings_center/all/article/3440166-the-kraft-heinz-companys-khc-cfo-paulo-basilio-on-q-2015-results-earnings-call-transcript,3440166,KHC,2 Comments
/earnings_center/all/article/3429896-bancolombia-s-a-cib-q2-2015-results-earnings-call-webcast,3429896,CIB,"Fri, Aug. 14,  8:55 AM"
/earnings_center/all/article/3429886-j-c-penney-company-jcp-q2-2015-results-earnings-call-webcast,3429886,JCP,"Fri, Aug. 14,  8:25 AM"
/earnings_center/all/article/3439736-hollysys-automation-technologies-holi-ceo-baiqing-shao-on-q4-2015-results-earnings-call-transcript,3439736,HOLI,"Fri, Aug. 14,  4:08 AM"
/earnings_center/all/article/3439616-cytosorbents-ctso-ceo-phillip-chan-on-q2-2015-results-earnings-call-transcript,3439616,CTSO,"Fri, Aug. 14,  3:19 AM"
/earnings_center/all/article/3439576-xtant-medical-holdings-bone-ceo-dan-goldberger-on-q2-2015-results-earnings-call-transcript,3439576,BONE,"Fri, Aug. 14,  2:57 AM"
/earnings_center/all/article/3439496-reeds-reed-ceo-chris-reed-on-q2-2015-results-earnings-call-transcript,3439496,REED,5 Comments
/earnings_center/all/article/3439466-rwes-rwnef-ceo-peter-terium-on-q2-2015-results-earnings-call-transcript,3439466,RWNEF,"Fri, Aug. 14,  1:38 AM"
/earnings_center/all/article/3439356-emagins-eman-ceo-andrew-sculley-on-q2-2015-results-earnings-call-transcript,3439356,EMAN,"Thu, Aug. 13, 11:53 PM"
/earnings_center/all/article/3439346-yy-yy-q2-2015-results-earnings-call-transcript,3439346,YY,"Thu, Aug. 13, 11:40 PM"
/earnings_center/all/article/3439336-willdan-groups-wldn-ceo-thomas-brisbin-on-q2-2015-results-earnings-call-transcript,3439336,WLDN,"Thu, Aug. 13, 11:39 PM"
/earnings_center/all/article/3439326-cartesians-crtn-ceo-peter-woodward-on-q2-2015-results-earnings-call-transcript,3439326,CRTN,"Thu, Aug. 13, 11:28 PM"
/earnings_center/all/article/3439316-ithaca-energys-iacaf-ceo-les-thomas-on-q2-2015-results-earnings-call-transcript,3439316,IACAF,"Thu, Aug. 13, 11:05 PM"
/earnings_center/all/article/3439296-cambium-learnings-abcd-ceo-john-campbell-on-q2-2015-results-earnings-call-transcript,3439296,ABCD,"Thu, Aug. 13, 10:58 PM"
/earnings_center/all/article/3439276-infusystems-infu-ceo-eric-steen-on-q2-2015-results-earnings-call-transcript,3439276,INFU,"Thu, Aug. 13, 10:53 PM"
/earnings_center/all/article/3439266-telkonets-tkoi-ceo-jason-tienor-on-q2-2015-results-earnings-call-transcript,3439266,TKOI,"Thu, Aug. 13, 10:51 PM"
/earnings_center/all/article/3439256-knot-offshore-partners-knop-ceo-john-costain-on-q2-2015-results-earnings-call-transcript,3439256,KNOP,"Thu, Aug. 13, 10:47 PM"
/earnings_center/all/article/3439246-luxoft-holdings-lxft-ceo-dmitry-loschinin-on-q1-2016-results-earnings-call-transcript,3439246,LXFT,"Thu, Aug. 13, 10:30 PM"
/earnings_center/all/article/3435016-news-corporations-nws-ceo-robert-thomson-on-q4-2015-results-earnings-call-transcript,3435016,NWS,"Wed, Aug. 12, 10:53 PM"
/earnings_center/all/article/3435006-news-corporations-nwsa-ceo-robert-thomson-on-q4-2015-results-earnings-call-transcript,3435006,NWSA,"Wed, Aug. 12, 10:53 PM"
/earnings_center/all/article/3434996-izeas-izea-ceo-ted-murphy-on-q2-2015-results-earnings-call-transcript,3434996,IZEA,"Wed, Aug. 12, 10:47 PM"
/earnings_center/all/article/3434986-g4s-gfszf-ceo-ashley-almanza-on-q2-2015-results-earnings-call-transcript,3434986,GFSZF,"Wed, Aug. 12, 10:47 PM"
/earnings_center/all/article/3434976-full-houses-fll-ceo-dan-lee-on-q2-2015-results-earnings-call-transcript,3434976,FLL,"Wed, Aug. 12, 10:45 PM"
/earnings_center/all/article/3434966-insulets-podd-ceo-patrick-sullivan-on-q2-2015-results-earnings-call-transcript,3434966,PODD,"Wed, Aug. 12, 10:33 PM"
/earnings_center/all/article/3434956-civitas-solutions-civi-ceo-bruce-nardella-on-q3-2015-results-earnings-call-transcript,3434956,CIVI,"Wed, Aug. 12, 10:32 PM"
/earnings_center/all/article/3434946-e-ons-enakf-ceo-johannes-teyssen-on-q2-2015-results-earnings-call-transcript,3434946,ENAKF,"Wed, Aug. 12, 10:16 PM"
/earnings_center/all/article/3434936-imprimis-pharmaceuticals-immy-ceo-mark-baum-on-q2-2015-results-earnings-call-transcript,3434936,IMMY,"Wed, Aug. 12, 10:05 PM"
/earnings_center/all/article/3434926-juno-therapeutics-juno-ceo-hans-bishop-on-q2-2015-results-earnings-call-transcript,3434926,JUNO,9 Comments
/earnings_center/all/article/3434916-argos-therapeutics-args-ceo-jeff-abbey-on-q2-2015-results-earnings-call-transcript,3434916,ARGS,"Wed, Aug. 12,  9:44 PM"
/earnings_center/all/article/3434906-sizmeks-szmk-ceo-neil-nguyen-on-q2-2015-results-earnings-call-transcript,3434906,SZMK,"Wed, Aug. 12,  9:41 PM"
/earnings_center/all/article/3434876-opexa-therapeutics-opxa-ceo-neil-warma-on-q2-2015-results-earnings-call-transcript,3434876,OPXA,"Wed, Aug. 12,  9:06 PM"
/earnings_center/all/article/3426976-netease-ntes-q2-2015-results-earnings-call-webcast,3426976,NTES,2 Comments
/earnings_center/all/article/3434856-metabolixs-mblx-ceo-joseph-shaulson-on-q2-2015-results-earnings-call-transcript,3434856,MBLX,"Wed, Aug. 12,  8:50 PM"
/earnings_center/all/article/3434806-pioneer-power-solutions-ppsi-ceo-nathan-mazurek-on-q2-2015-results-earnings-call-transcript,3434806,PPSI,"Wed, Aug. 12,  8:26 PM"
/earnings_center/all/article/3434766-cellectar-biosciences-clrb-ceo-jim-caruso-on-q2-2015-results-earnings-call-transcript,3434766,CLRB,"Wed, Aug. 12,  7:56 PM"
/earnings_center/all/article/3434756-roundys-rndy-ceo-bob-mariano-on-q2-2015-results-earnings-call-transcript,3434756,RNDY,3 Comments
/earnings_center/all/article/3434746-immune-designs-imdz-ceo-carlos-paya-on-q2-2015-results-earnings-call-transcript,3434746,IMDZ,"Wed, Aug. 12,  7:47 PM"
/earnings_center/all/article/3434716-dynasil-corporation-of-americas-dysl-ceo-peter-sulick-on-q3-2015-results-earnings-call-transcript,3434716,DYSL,"Wed, Aug. 12,  7:40 PM"
/earnings_center/all/article/3434706-caes-cae-ceo-marc-parent-on-q1-2016-results-earnings-call-transcript,3434706,CAE,"Wed, Aug. 12,  7:36 PM"
/earnings_center/all/article/3434696-cisco-systems-csco-charles-h-robbins-on-q4-2015-results-earnings-call-transcript,3434696,CSCO,3 Comments
/earnings_center/all/article/3434686-amphastar-amph-q2-2015-results-earnings-call-transcript,3434686,AMPH,1 Comment
/earnings_center/all/article/3434676-rxi-pharmaceuticals-corporations-rxii-ceo-geert-cauwenbergh-on-q2-2015-results-earnings-call-transcript,3434676,RXII,5 Comments
/earnings_center/all/article/3434666-professional-diversity-networks-ipdn-ceo-jim-kirsch-on-q2-2015-results-earnings-call-transcript,3434666,IPDN,"Wed, Aug. 12,  7:29 PM"
/earnings_center/all/article/3434646-total-energy-services-totzf-ceo-daniel-halyk-on-q2-2015-results-earnings-call-transcript,3434646,TOTZF,"Wed, Aug. 12,  7:25 PM"
/earnings_center/all/article/3434636-iteris-iti-ceo-kevin-daly-on-q1-2016-results-earnings-call-transcript,3434636,ITI,"Wed, Aug. 12,  7:20 PM"
/earnings_center/all/article/3434626-alamos-golds-agi-ceo-john-mccluskey-on-q2-2015-results-earnings-call-transcript,3434626,AGI,"Wed, Aug. 12,  7:16 PM"
/earnings_center/all/article/3434546-cinedigms-cidm-ceo-chris-mcgurk-on-q1-2016-results-earnings-call-transcript,3434546,CIDM,"Wed, Aug. 12,  6:35 PM"
/earnings_center/all/article/3426126-news-nwsa-q2-2015-results-earnings-call-webcast,3426126,NWSA,"Wed, Aug. 12,  5:55 PM"
/earnings_center/all/article/3433386-geoparks-gprk-ceo-james-park-on-q2-2015-results-earnings-call-transcript,3433386,GPRK,"Wed, Aug. 12,  2:16 PM"
/earnings_center/all/article/3433376-evotecs-evotf-ceo-werner-lanthaler-on-q2-2015-results-earnings-call-transcript,3433376,EVOTF,"Wed, Aug. 12,  2:14 PM"
/earnings_center/all/article/3433366-the-boeing-companys-ba-management-discusses-on-jefferies-global-industrials-conference-call-transcript,3433366,BA,"Wed, Aug. 12,  2:14 PM"
/earnings_center/all/article/3433306-tencent-holdings-tcehy-ceo-pony-ma-on-q2-2015-results-earnings-call-transcript,3433306,TCEHY,"Wed, Aug. 12,  2:07 PM"
/earnings_center/all/article/3433296-cleveland-biolabs-cbli-ceo-yakov-kogan-on-q2-2015-results-earnings-call-transcript,3433296,CBLI,"Wed, Aug. 12,  2:06 PM"
/earnings_center/all/article/3433256-enzymotecs-enzy-ceo-ariel-katz-on-q2-2015-results-earnings-call-transcript,3433256,ENZY,"Wed, Aug. 12,  1:56 PM"
/earnings_center/all/article/3433246-alexcos-axu-ceo-clynt-nauman-on-q2-2015-results-earnings-call-transcript,3433246,AXU,"Wed, Aug. 12,  1:54 PM"
/earnings_center/all/article/3433206-adcare-health-systems-adk-ceo-william-mcbride-on-q2-2015-results-earnings-call-transcript,3433206,ADK,"Wed, Aug. 12,  1:46 PM"
/earnings_center/all/article/3433196-macys-m-management-on-q2-2015-results-earnings-call-transcript,3433196,M,"Wed, Aug. 12,  1:45 PM"
/earnings_center/all/article/3433186-cti-industries-ctib-q2-2015-results-earnings-call-transcript,3433186,CTIB,"Wed, Aug. 12,  1:45 PM"
/earnings_center/all/article/3433106-ardelyxs-ardx-ceo-mike-raab-on-q2-2015-results-earnings-call-transcript,3433106,ARDX,"Wed, Aug. 12,  1:29 PM"
/earnings_center/all/article/3433076-sprotts-spoxf-ceo-peter-grosskopf-on-q2-2015-results-earnings-call-transcript,3433076,SPOXF,"Wed, Aug. 12,  1:20 PM"
/earnings_center/all/article/3433066-alibaba-group-holdings-baba-ceo-daniel-yong-zhang-on-q1-2016-results-earnings-call-transcript,3433066,BABA,8 Comments
/earnings_center/all/article/3433056-centamin-celtf-q2-2015-results-earnings-call-transcript,3433056,CELTF,"Wed, Aug. 12,  1:19 PM"
/earnings_center/all/article/3433016-euroseas-esea-ceo-aristides-pittas-discusses-q2-2015-results-earnings-call-transcript,3433016,ESEA,"Wed, Aug. 12,  1:15 PM"
/earnings_center/all/article/3432976-emisphere-technologies-emis-ceo-alan-rubino-on-q2-2015-results-earnings-call-transcript,3432976,EMIS,"Wed, Aug. 12,  1:07 PM"
/earnings_center/all/article/3432956-sunopta-stkl-steven-bromley-on-q2-2015-results-earnings-call-transcript,3432956,STKL,"Wed, Aug. 12,  1:03 PM"
/earnings_center/all/article/3432856-shell-midstream-partners-shlx-ceo-john-hollowell-on-q2-2015-results-earnings-call-transcript,3432856,SHLX,"Wed, Aug. 12, 12:42 PM"
/earnings_center/all/article/3432836-nova-lifestyle-nvfy-q2-2015-results-earnings-call-transcript,3432836,NVFY,1 Comment
/earnings_center/all/article/3432826-forbes-energy-services-fes-ceo-john-crisp-on-q2-2015-results-earnings-call-transcript,3432826,FES,"Wed, Aug. 12, 12:31 PM"
/earnings_center/all/article/3432816-intercloud-systems-icld-ceo-mark-munro-on-q2-2015-results-earnings-call-transcript,3432816,ICLD,"Wed, Aug. 12, 12:30 PM"
/earnings_center/all/article/3432796-vwrs-vwr-ceo-manuel-brocke-benz-on-q2-2015-results-earnings-call-transcript,3432796,VWR,"Wed, Aug. 12, 12:27 PM"
/earnings_center/all/article/3432776-applied-industrial-technologies-ait-neil-a-schrimsher-on-q4-2015-results-earnings-call-transcript,3432776,AIT,"Wed, Aug. 12, 12:23 PM"
/earnings_center/all/article/3432756-advanced-environmental-recycling-technologies-aert-ceo-tim-morrison-on-q2-2015-results-earnings-call-transcript,3432756,AERT,"Wed, Aug. 12, 12:15 PM"
/earnings_center/all/article/3432736-medical-transcription-billings-mtbc-ceo-mahmud-haq-on-q2-2015-results-earnings-call-transcript,3432736,MTBC,"Wed, Aug. 12, 12:10 PM"
/earnings_center/all/article/3432626-csps-cspi-ceo-victor-dellovo-on-q3-2015-results-earnings-call-transcript,3432626,CSPI,"Wed, Aug. 12, 11:51 AM"
/earnings_center/all/article/3432586-tahoe-resources-taho-management-on-q2-2015-results-earnings-call-transcript,3432586,TAHO,"Wed, Aug. 12, 11:44 AM"
/earnings_center/all/article/3432546-partner-communications-ptnr-ceo-issac-benbenisti-on-q2-2015-results-earnings-call-transcript,3432546,PTNR,"Wed, Aug. 12, 11:39 AM"
/earnings_center/all/article/3432536-asustek-computers-asuty-ceo-jerry-shen-on-q2-2015-results-earnings-call-transcript,3432536,ASUTY,"Wed, Aug. 12, 11:36 AM"
/earnings_center/all/article/3432406-gilat-satellite-networks-gilt-ceo-dov-baharav-on-q2-2015-results-earnings-call-transcript,3432406,GILT,"Wed, Aug. 12, 10:57 AM"
/earnings_center/all/article/3448616-chinanet-online-holdings-cnet-ceo-handong-cheng-on-q2-2015-results-earnings-call-transcript,3448616,CNET,"Tue, Aug. 18, 12:10 PM"
/earnings_center/all/article/3448526-invesco-mortgage-capitals-ivr-ceo-richard-king-on-q2-2015-results-earnings-call-transcript,3448526,IVR,"Tue, Aug. 18, 11:50 AM"
/earnings_center/all/article/3448516-cairn-energys-crnzf-ceo-simon-thomson-on-q2-2015-results-earnings-call-transcript,3448516,CRNZF,"Tue, Aug. 18, 11:49 AM"
/earnings_center/all/article/3448406-eros-internationals-eros-ceo-jyoti-deshpande-on-q1-2016-results-earnings-call-transcript,3448406,EROS,1 Comment
/earnings_center/all/article/3448386-aegean-marine-petroleum-networks-anw-management-discusses-on-q2-2015-results-earnings-call-transcript,3448386,ANW,"Tue, Aug. 18, 11:15 AM"
/earnings_center/all/article/3447166-tjx-companies-tjx-q2-2016-results-earnings-call-webcast,3447166,TJX,"Tue, Aug. 18, 10:55 AM"
/earnings_center/all/article/3448326-kongzhong-kz-q2-2015-results-earnings-call-transcript,3448326,KZ,"Tue, Aug. 18, 10:45 AM"
/earnings_center/all/article/3448306-the-estee-lauder-companies-el-ceo-fabrizio-freda-on-q4-2015-results-earnings-call-transcript,3448306,EL,"Tue, Aug. 18, 10:44 AM"
/earnings_center/all/article/3448196-concord-medical-services-ccm-ceo-jianyu-yang-discusses-q2-2015-results-earnings-call-transcript,3448196,CCM,"Tue, Aug. 18, 10:02 AM"
/earnings_center/all/article/3432056-home-depot-hd-q2-2015-results-earnings-call-webcast,3432056,HD,"Tue, Aug. 18,  8:55 AM"
/earnings_center/all/article/3438576-the-hain-celestial-group-hain-q4-2015-results-earnings-call-webcast,3438576,HAIN,"Tue, Aug. 18,  8:25 AM"
/earnings_center/all/article/3432046-china-ming-yang-wind-power-group-limited-my-q2-2015-results-earnings-call-webcast,3432046,MY,"Tue, Aug. 18,  7:55 AM"
/earnings_center/all/article/3438566-trina-solar-limited-tsl-q2-2015-results-earnings-call-webcast,3438566,TSL,"Tue, Aug. 18,  7:55 AM"
/earnings_center/all/article/3446986-china-lodging-groups-htht-ceo-qi-ji-on-q2-2015-results-earnings-call-transcript,3446986,HTHT,"Tue, Aug. 18,  2:40 AM"
/earnings_center/all/article/3446886-anglogold-ashantis-au-ceo-srinivasan-venkatakrishnan-on-q2-2015-results-earnings-call-transcript,3446886,AU,"Tue, Aug. 18,  1:27 AM"
/earnings_center/all/article/3446816-absolute-softwares-alswf-ceo-geoff-haydon-on-q4-2015-results-earnings-call-transcript,3446816,ALSWF,"Mon, Aug. 17, 11:46 PM"
/earnings_center/all/article/3446746-visionchina-medias-visn-ceo-limin-li-on-q2-2015-results-earnings-call-transcript,3446746,VISN,"Mon, Aug. 17, 10:51 PM"
/earnings_center/all/article/3446716-auxilios-auxo-ceo-joe-flynn-on-q2-2015-results-earnings-call-transcript,3446716,AUXO,"Mon, Aug. 17, 10:11 PM"
/earnings_center/all/article/3446706-urban-outfitters-urbn-ceo-richard-hayne-on-q2-2016-results-earnings-call-transcript,3446706,URBN,"Mon, Aug. 17, 10:00 PM"
/earnings_center/all/article/3446696-dyadic-internationals-dyai-ceo-mark-emalfarb-on-q2-2015-results-earnings-call-transcript,3446696,DYAI,"Mon, Aug. 17,  9:43 PM"
/earnings_center/all/article/3446656-fabrinets-fn-ceo-tom-mitchell-on-q4-2015-results-earnings-call-transcript,3446656,FN,"Mon, Aug. 17,  8:59 PM"
/earnings_center/all/article/3446616-agilents-a-ceo-mike-mcmullen-on-q3-2016-results-earnings-call-transcript,3446616,A,"Mon, Aug. 17,  8:45 PM"
/earnings_center/all/article/3446556-blue-earths-bblu-ceo-johnny-thomas-on-q2-2015-results-earnings-call-transcript,3446556,BBLU,2 Comments
/earnings_center/all/article/3446526-techprecisions-tpcs-ceo-alex-shen-on-q1-2016-results-earnings-call-transcript,3446526,TPCS,5 Comments
/earnings_center/all/article/3446506-spar-groups-sgrp-ceo-jill-blanchard-on-q2-2015-results-earnings-call-transcript,3446506,SGRP,"Mon, Aug. 17,  7:29 PM"
/earnings_center/all/article/3446466-deep-downs-dpdw-ceo-ron-smith-on-q2-2015-results-earnings-call-transcript,3446466,DPDW,"Mon, Aug. 17,  6:55 PM"
/earnings_center/all/article/3430706-urban-outfitters-urbn-q2-2016-results-earnings-call-webcast,3430706,URBN,"Mon, Aug. 17,  4:55 PM"
/earnings_center/all/article/3431656-fabrinet-fn-q4-2015-results-earnings-call-webcast,3431656,FN,"Mon, Aug. 17,  4:55 PM"
/earnings_center/all/article/3446186-sierra-metals-dbexf-ceo-mark-brennan-on-q2-2015-results-earnings-call-transcript,3446186,DBEXF,"Mon, Aug. 17,  4:51 PM"
/earnings_center/all/article/3430606-agilent-technologies-a-q4-2014-results-earnings-call-webcast,3430606,A,"Mon, Aug. 17,  4:25 PM"
/earnings_center/all/article/3441696-jbss-jbsay-ceo-wesley-batista-on-q2-2015-results-earnings-call-transcript,3441696,JBSAY,"Fri, Aug. 14,  5:22 PM"
/earnings_center/all/article/3441686-american-power-groups-apgi-ceo-lyle-jensen-on-q3-2015-results-earnings-call-transcript,3441686,APGI,"Fri, Aug. 14,  5:19 PM"
/earnings_center/all/article/3441666-greenhunter-resources-grh-ceo-gary-evans-on-q2-2015-results-earnings-call-transcript,3441666,GRH,"Fri, Aug. 14,  5:08 PM"
/earnings_center/all/article/3441646-mfc-industrials-mil-ceo-gerardo-cortina-on-q2-2015-results-earnings-call-transcript,3441646,MIL,1 Comment
/earnings_center/all/article/3441616-algonquin-power-and-utilities-aqunf-ceo-ian-robertson-on-q2-2015-results-earnings-call-transcript,3441616,AQUNF,"Fri, Aug. 14,  4:44 PM"
/earnings_center/all/article/3441596-adaptive-medias-adtm-ceo-john-strong-on-q2-2015-results-earnings-call-transcript,3441596,ADTM,1 Comment
/earnings_center/all/article/3440316-bg-medicine-bgmd-q2-2015-results-earnings-call-webcast,3440316,BGMD,"Fri, Aug. 14,  4:25 PM"
/earnings_center/all/article/3441546-1347-property-insurance-holdings-pih-ceo-douglas-raucy-on-q2-2015-results-earnings-call-transcript,3441546,PIH,"Fri, Aug. 14,  4:23 PM"
/earnings_center/all/article/3441436-j-c-penneys-jcp-ceo-marvin-ellison-on-q2-2015-results-earnings-call-transcript,3441436,JCP,3 Comments
/earnings_center/all/article/3441426-boardwalk-real-estate-investment-trusts-bowff-ceo-sam-kolias-on-q2-2015-results-earnings-call-transcript,3441426,BOWFF,"Fri, Aug. 14,  3:29 PM"
/earnings_center/all/article/3441416-lattice-inc-lttc-ceo-paul-burgess-onq3-2015-results-earnings-call-transcript,3441416,LTTC,"Fri, Aug. 14,  3:27 PM"
/earnings_center/all/article/3441326-intermap-technologies-itmsf-ceo-todd-oseth-on-q2-2015-results-earnings-call-transcript,3441326,ITMSF,10 Comments
/earnings_center/all/article/3441296-superior-drilling-products-sdpi-ceo-troy-meier-on-q2-2015-results-earnings-call-transcript,3441296,SDPI,"Fri, Aug. 14,  2:51 PM"
/earnings_center/all/article/3441256-bancolombia-cib-q2-2015-results-earnings-call-transcript,3441256,CIB,"Fri, Aug. 14,  2:45 PM"
/earnings_center/all/article/3441156-acorn-energys-acfn-ceo-john-moore-on-q2-2015-results-earnings-call-transcript,3441156,ACFN,"Fri, Aug. 14,  2:24 PM"
/earnings_center/all/article/3441146-bio-key-internationals-bkyi-ceo-mike-depasquale-on-q2-2015-results-earnings-call-transcript,3441146,BKYI,"Fri, Aug. 14,  2:20 PM"
/earnings_center/all/article/3441116-vuzix-corporations-vuzi-ceo-paul-travers-on-q2-2015-results-earnings-call-transcript,3441116,VUZI,4 Comments
/earnings_center/all/article/3441106-sorl-auto-parts-inc-sorl-q2-2015-results-earnings-call-transcript,3441106,SORL,"Fri, Aug. 14,  2:09 PM"
/earnings_center/all/article/3441096-sanchez-production-partners-spp-ceo-gerry-willinger-on-q2-2015-results-earnings-call-transcript,3441096,SPP,"Fri, Aug. 14,  2:07 PM"
/earnings_center/all/article/3441046-china-housing-and-land-developments-chln-ceo-pingji-lu-on-q2-2015-results-earnings-call-transcript,3441046,CHLN,"Fri, Aug. 14,  1:50 PM"
/earnings_center/all/article/3441006-argonaut-gold-incs-arngf-ceo-pete-dougherty-on-q2-2015-results-earnings-call-transcript,3441006,ARNGF,"Fri, Aug. 14,  1:35 PM"
/earnings_center/all/article/3440986-wuxi-pharmatechs-wx-ceo-dr-ge-li-on-q2-2015-results-earnings-call-transcript,3440986,WX,"Fri, Aug. 14,  1:29 PM"
/earnings_center/all/article/3440966-tiptree-financials-tipt-management-on-q2-2015-results-earnings-call-transcript,3440966,TIPT,"Fri, Aug. 14,  1:25 PM"
/earnings_center/all/article/3440926-ag-growth-internationals-aggzf-ceo-gary-anderson-on-q2-2015-results-earnings-call-transcript,3440926,AGGZF,1 Comment
/earnings_center/all/article/3440916-darling-ingredients-dar-ceo-randall-stuewe-on-q2-2015-results-earnings-call-transcript,3440916,DAR,"Fri, Aug. 14,  1:11 PM"
/earnings_center/all/article/3440906-birner-dental-management-services-bdms-ceo-fred-birner-on-q2-2015-results-earnings-call-transcript,3440906,BDMS,"Fri, Aug. 14,  1:04 PM"
/earnings_center/all/article/3440876-aeterna-zentaris-aezs-ceo-david-dodd-on-q2-2015-results-earnings-call-transcript,3440876,AEZS,19 Comments
/earnings_center/all/article/3440856-bridgeline-digitals-blin-ceo-thomas-massie-on-q3-2015-results-earnings-call-transcript,3440856,BLIN,3 Comments
/earnings_center/all/article/3440836-capstones-capc-ceo-stewart-wallach-on-q2-2015-results-earnings-call-transcript,3440836,CAPC,2 Comments
/earnings_center/all/article/3440816-china-recycling-energys-creg-ceo-guohua-ku-on-q2-2015-results-earnings-call-transcript,3440816,CREG,"Fri, Aug. 14, 12:39 PM"